<?xml version="1.0" encoding="UTF-8"?>
<beans xmlns="http://www.springframework.org/schema/beans"
	xmlns:xsi="http://www.w3.org/2001/XMLSchema-instance"
	xmlns:security="http://www.springframework.org/schema/security"
	xsi:schemaLocation="http://www.springframework.org/schema/beans http://www.springframework.org/schema/beans/spring-beans-4.3.xsd
		http://www.springframework.org/schema/security http://www.springframework.org/schema/security/spring-security-4.2.xsd">

<security:http>
 
  
  <!-- security configs-->
  <security:intercept-url  pattern="/index.jsp"  access="permitAll"  />
  <security:intercept-url  pattern="/pages/faculty.jsp"  access="hasRole('ROLE_FACULTY')"/>
  <security:intercept-url  pattern="/pages/admin.jsp"  access="hasRole('ROLE_ADMIN')"/>
  
  <!-- <security:http-basic/> -->
   <security:form-login/> 
   <security:logout    logout-success-url="/index.jsp"  />
   <!-- <security:remember-me/> -->
   <security:session-management  >
      <security:concurrency-control error-if-maximum-exceeded="true"  max-sessions="2"  expired-url="/session_error.jsp" />
   </security:session-management>
   
  
   <security:access-denied-handler error-page="/access_failed.jsp"/>
  
</security:http>



   <security:authentication-manager>
    <security:authentication-provider>
       <security:user-service>
         <security:user name="raja" password="{noop}rani" authorities="ROLE_FACULTY"/>
         <security:user name="rani" password="{noop}rani" authorities="ROLE_ADMIN"/>       
         <security:user name="jani" password="{noop}jani" authorities="ROLE_ADMIN,ROLE_FACULTY"/>
         <security:user name="ramesh" password="{noop}ramesh" authorities="ROLE_USER"/>
       </security:user-service> 
    </security:authentication-provider>
  </security:authentication-manager> 
  
<!--   <bean id="bcryptEncoder"
	class="org.springframework.security.crypto.bcrypt.BCryptPasswordEncoder"/>
  
  
   <security:authentication-manager>
    <security:authentication-provider>
      <security:password-encoder   ref="bcryptEncoder" />
       <security:user-service>
         <security:user name="raja" password="$2a$10$PI7e0lwf/y1f4SLHFzIvWu67XctoATOsGZFebshzmqZAqoJTTG/.q" authorities="ROLE_FACULTY"/>
         <security:user name="rani" password="$2a$10$PI7e0lwf/y1f4SLHFzIvWu67XctoATOsGZFebshzmqZAqoJTTG/.q" authorities="ROLE_ADMIN"/>       
         <security:user name="jani" password="$2a$10$nm.SmOqnJxMXRp4.R8FSU.D0WHmuojhQocKyn4E9mfIaTiLGXqNUu" authorities="ROLE_ADMIN,ROLE_FACULTY"/>
         <security:user name="ramesh" password="$2a$10$wdm2E4DQe.EGBiWq.NuszOJKTY6EMUBCvH6M.h37.Laqus/YYTyAC" authorities="ROLE_USER"/>
       </security:user-service> 
    </security:authentication-provider>
  </security:authentication-manager>  -->

</beans>
